<?xml version="1.0" encoding="utf-8"?>
<feed xmlns="http://www.w3.org/2005/Atom">
  <title>绿夜星空</title>
  
  <subtitle>宛如梦境</subtitle>
  <link href="https://www.nonnight.com/atom.xml" rel="self"/>
  
  <link href="https://www.nonnight.com/"/>
  <updated>2023-02-03T07:18:08.144Z</updated>
  <id>https://www.nonnight.com/</id>
  
  <author>
    <name>非想飞</name>
    
  </author>
  
  <generator uri="https://hexo.io/">Hexo</generator>
  
  <entry>
    <title>多重阅读-阅读技巧</title>
    <link href="https://www.nonnight.com/%E5%AD%A6%E4%B9%A0%E5%8A%9B/multiple-reading.html"/>
    <id>https://www.nonnight.com/%E5%AD%A6%E4%B9%A0%E5%8A%9B/multiple-reading.html</id>
    <published>2023-01-30T02:40:35.000Z</published>
    <updated>2023-02-03T07:18:08.144Z</updated>
    
    
    <summary type="html">&lt;p&gt;快时代下的高效阅读方法。&lt;/p&gt;</summary>
    
    
    
    <category term="学习力" scheme="https://www.nonnight.com/categories/%E5%AD%A6%E4%B9%A0%E5%8A%9B/"/>
    
    
    <category term="技巧" scheme="https://www.nonnight.com/tags/%E6%8A%80%E5%B7%A7/"/>
    
    <category term="阅读" scheme="https://www.nonnight.com/tags/%E9%98%85%E8%AF%BB/"/>
    
    <category term="快生活" scheme="https://www.nonnight.com/tags/%E5%BF%AB%E7%94%9F%E6%B4%BB/"/>
    
  </entry>
  
  <entry>
    <title>天地劫-幽城再临-角色培养</title>
    <link href="https://www.nonnight.com/%E6%B8%B8%E6%88%8F/heaven-and-earth-robbery.html"/>
    <id>https://www.nonnight.com/%E6%B8%B8%E6%88%8F/heaven-and-earth-robbery.html</id>
    <published>2023-01-30T02:40:35.000Z</published>
    <updated>2023-02-03T07:18:00.429Z</updated>
    
    
      
      
        
        
    <summary type="html">&lt;span id=&quot;more&quot;&gt;&lt;/span&gt;

&lt;pre&gt;&lt;code&gt;天地劫-幽城再临属于SRPG(Strategy Role-Playing Game),除去剧情外，角色养成和战旗策略是该类游戏的两大游玩内容。
&lt;/code&gt;&lt;/pre&gt;
&lt;h3 id=&quot;角色养成&quot;&gt;&lt;a</summary>
        
      
    
    
    
    <category term="游戏" scheme="https://www.nonnight.com/categories/%E6%B8%B8%E6%88%8F/"/>
    
    
    <category term="天地劫" scheme="https://www.nonnight.com/tags/%E5%A4%A9%E5%9C%B0%E5%8A%AB/"/>
    
    <category term="SRPG" scheme="https://www.nonnight.com/tags/SRPG/"/>
    
    <category term="教程" scheme="https://www.nonnight.com/tags/%E6%95%99%E7%A8%8B/"/>
    
  </entry>
  
  <entry>
    <title>因为那夜风</title>
    <link href="https://www.nonnight.com/%E8%AF%97%E8%AF%8D/study-pouwer.html"/>
    <id>https://www.nonnight.com/%E8%AF%97%E8%AF%8D/study-pouwer.html</id>
    <published>2023-01-30T00:38:35.000Z</published>
    <updated>2023-02-03T07:18:12.584Z</updated>
    
    
    <summary type="html">&lt;p&gt;总是因为风中的一丝味道而伤感。&lt;/p&gt;</summary>
    
    
    
    <category term="诗词" scheme="https://www.nonnight.com/categories/%E8%AF%97%E8%AF%8D/"/>
    
    
    <category term="秘密" scheme="https://www.nonnight.com/tags/%E7%A7%98%E5%AF%86/"/>
    
    <category term="夜风" scheme="https://www.nonnight.com/tags/%E5%A4%9C%E9%A3%8E/"/>
    
    <category term="伤感" scheme="https://www.nonnight.com/tags/%E4%BC%A4%E6%84%9F/"/>
    
  </entry>
  
</feed>
